Model,MAE,RMSE,R2 Score
Linear Regression,592.3732484747742,742.5901496523799,0.9996952952933795
Random Forest,1406.8289158625016,1797.7297012268043,0.9982142133095491
Gradient Boosting,884.8472970961152,1136.1994282243343,0.9992866709230596
